,filename,architecture,min_val_loss,is_min
0,expgamma5d_1,[746. 484. 270.],-0.9751290678977966,0
1,expgamma5d_1,[391. 503. 401. 231.],-0.9778265953063965,0
2,expgamma5d_1,[1242.  648.  580.  300.],-0.9786292910575867,0
3,expgamma5d_1,[573. 743. 641. 440. 316. 244. 223.],-0.9765710234642029,0
4,expgamma5d_1,[428. 368. 314. 191. 190. 126.],-0.9788280725479126,0
5,expgamma5d_1,[1173. 1202.],-0.976233720779419,0
6,expgamma5d_1,[1479. 1597. 1681.  972.  817.  500.],-0.975447952747345,0
7,expgamma5d_1,[1395. 1751.],-0.9755065441131592,0
8,expgamma5d_1,[220. 150. 107.  53.  31.  19.  15.  13.],-0.9780417680740356,0
9,expgamma5d_1,[833. 420. 271. 179. 121. 102.],-0.979476809501648,0
10,expgamma5d_1,[243. 398. 507. 732. 462. 344.],-0.9786069989204407,0
11,expgamma5d_1,[ 825.  872. 1648. 1059.  705.  654.  562.  434.  242.  133.],-0.9698402285575867,0
12,expgamma5d_1,[1527.],-0.97837233543396,0
13,expgamma5d_1,[ 866. 1266.  829.  691.],-0.9787266850471497,0
14,expgamma5d_1,[575. 614. 930. 731. 406. 378. 352. 202.],-0.9744702577590942,0
15,expgamma5d_1,[ 358.  547. 1044.  929.  567.  355.  283.  206.],-0.9749715328216553,0
16,expgamma5d_1,[ 915. 1612.  948.  796.  541.  315.  282.  278.  258.  134.],-0.9707386493682861,0
17,expgamma5d_1,[333. 646. 850. 824. 638. 584.],-0.9762741923332214,0
18,expgamma5d_1,[528. 492. 464. 266. 164.],-0.9775514602661133,0
19,expgamma5d_1,[216. 281. 524. 953. 726. 474. 427. 256.],-0.9761075377464294,0
20,expgamma5d_1,[1483. 1601. 1359.  733.],-0.9771972894668579,0
21,expgamma5d_1,[1088.  720.  579.],-0.9784732460975647,0
22,expgamma5d_1,[356. 684. 351. 290. 279.],-0.9784374237060547,0
23,expgamma5d_1,[ 906. 1429.  859.  798.  643.  328.  263.  208.],-0.9704684615135193,0
24,expgamma5d_1,[ 515.  732. 1249. 1695. 1111.  788.  535.],-0.9778082966804504,0
25,expgamma5d_1,[ 953. 1470. 1480.  765.  762.  476.  307.  264.  249.],-0.9711284637451172,0
26,expgamma5d_1,[57. 37.],-0.9759389758110046,0
27,expgamma5d_1,[111. 119. 212. 344. 216. 182. 137.  82.  80.  51.],-0.9735074639320374,0
28,expgamma5d_1,[900.],-0.9780362844467163,0
29,expgamma5d_1,[210. 347. 444. 392. 279. 249. 210. 111.],-0.9762664437294006,0
30,expgamma5d_1,[671. 350. 252. 228.],-0.9783101081848145,0
31,expgamma5d_1,[180. 301. 432. 651. 632. 427. 369.],-0.9771419763565063,0
32,expgamma5d_1,[653. 779. 645. 498. 251. 204. 172.],-0.9788583517074585,0
33,expgamma5d_1,[898. 604. 362. 300. 296. 171. 142. 134.  77.  59.],-0.977092444896698,0
34,expgamma5d_1,[1800. 1487. 1112.  836.],-0.9769524335861206,0
35,expgamma5d_1,[1509.],-0.9785898923873901,0
36,expgamma5d_1,[1195. 1222. 1020.],-0.9753865599632263,0
37,expgamma5d_1,[1567.  886.  531.  405.  254.],-0.9784317016601562,0
38,expgamma5d_1,[109. 111. 222. 161.],-0.9763782620429993,0
39,expgamma5d_1,[321. 476. 516. 567. 900. 602. 484. 423.],-0.971237063407898,0
40,expgamma5d_1,[814. 834. 692. 624. 502. 455. 314. 198.],-0.9727799296379089,0
41,expgamma5d_1,[483. 894. 660.],-0.9772052764892578,0
42,expgamma5d_1,[420. 656. 592. 552. 330. 222.],-0.9782587885856628,0
43,expgamma5d_1,[606. 666. 720. 589. 409.],-0.978100597858429,0
44,expgamma5d_1,[28. 50. 31. 19.  9.  4.  3.  2.],-0.1447030007839203,0
45,expgamma5d_1,[644. 836. 825. 750.],-0.9777772426605225,0
46,expgamma5d_1,[943. 793. 554. 359. 232. 156. 152. 121.  82.],-0.9765623211860657,0
47,expgamma5d_1,[192. 285. 221. 133. 123. 106.  75.  67.  64.  58.],-0.9773527979850769,0
48,expgamma5d_1,[527. 630. 587. 338. 201. 159. 116.  98.],-0.978259265422821,0
49,expgamma5d_1,[ 266.  353.  469.  930. 1750. 1151.  639.  535.],-0.9705585241317749,0
50,expgamma5d_1,[295. 291. 255. 245.],-0.9795926809310913,0
51,expgamma5d_1,[446. 544. 602. 521.],-0.9780306220054626,0
52,expgamma5d_1,[ 461.  616. 1078. 1033.  670.],-0.9775329828262329,0
53,expgamma5d_1,[551. 679. 682. 900. 941. 622. 605. 436.],-0.9728068113327026,0
54,expgamma5d_1,[183. 202. 213. 224. 214. 182. 171. 163.],-0.9749375581741333,0
55,expgamma5d_1,[489. 643. 538.],-0.9778056740760803,0
56,expgamma5d_1,[338. 350. 576. 525. 286. 207. 183.],-0.9773985743522644,0
57,expgamma5d_1,[1437.],-0.9784054160118103,0
58,expgamma5d_1,[500. 607. 657. 633. 349. 323. 305. 250. 159.  96.],-0.9664140343666077,0
59,expgamma5d_1,[1311. 1179. 1064.],-0.9777951836585999,0
60,expgamma5d_1,[ 764. 1082.  604.  417.],-0.9783713221549988,0
61,expgamma5d_1,[1471.],-0.9784794449806213,0
62,expgamma5d_1,[1207.],-0.9783483147621155,0
63,expgamma5d_1,[198. 267. 373. 314. 237. 215. 120. 117.],-0.9774947762489319,0
64,expgamma5d_1,[292. 298. 383. 667. 737. 638. 388. 369. 353. 197.],-0.9716805815696716,0
65,expgamma5d_1,[245. 323. 620. 991. 981. 593. 303. 254. 140. 133.],-0.9683945775032043,0
66,expgamma5d_1,[1667. 1639. 1569.  834.  650.],-0.9778895378112793,0
67,expgamma5d_1,[1287.],-0.9779000878334045,0
68,expgamma5d_1,[351. 401. 582. 676. 722. 823. 625. 320. 302. 301.],-0.9721953868865967,0
69,expgamma5d_1,[ 690.  963. 1048. 1315. 1268. 1153.  766.  534.  437.],-0.967302680015564,0
70,expgamma5d_1,[872. 894. 768. 722. 585. 413. 290. 188.],-0.9760665893554688,0
71,expgamma5d_1,[1665. 1112. 1084.  618.  559.  449.  343.  260.],-0.975227415561676,0
72,expgamma5d_1,[377.],-0.9781880974769592,0
73,expgamma5d_1,[851. 824. 633. 480. 479. 449. 377. 304.],-0.9758747816085815,0
74,expgamma5d_1,[1397. 1446.  888.  585.  577.  494.  309.  275.  248.],-0.9744064807891846,0
75,expgamma5d_1,[ 278.  456.  786. 1473. 1481. 1492.  812.  523.  272.  238.],-0.9669857025146484,0
76,expgamma5d_1,[1331. 1747. 1770. 1283. 1229.  804.  716.],-0.9692352414131165,0
77,expgamma5d_1,[180. 173. 151.  94.],-0.9792669415473938,0
78,expgamma5d_1,[239. 293. 372. 373. 357. 223. 174. 139. 120.  90.],-0.9710456132888794,0
79,expgamma5d_1,[1028. 1781. 1211.  948.],-0.978009819984436,0
80,expgamma5d_1,[32. 49. 50. 61. 96. 68. 34. 25. 13.],-0.9799673557281494,1
81,expgamma5d_1,[1011. 1031.  723.  603.  578.  310.  184.],-0.9756354689598083,0
82,expgamma5d_1,[ 72.  78. 156. 158. 130.  84.  65.  43.  31.],-0.9791892170906067,0
83,expgamma5d_1,[ 869. 1173. 1119. 1091.  896.  840.],-0.9757229685783386,0
84,expgamma5d_1,[478. 867.],-0.973483681678772,0
85,expgamma5d_1,[1508. 1082.  751.],-0.9765807390213013,0
86,expgamma5d_1,[51. 38.],-0.9743859767913818,0
87,expgamma5d_1,[ 691.  709. 1109. 1119.  780.  567.  522.],-0.9735142588615417,0
88,expgamma5d_1,[1211. 1659.],-0.975172758102417,0
89,expgamma5d_1,[1062. 1084.  570.],-0.9769284725189209,0
90,expgamma5d_1,[271. 407. 705. 901. 798. 657.],-0.9759286046028137,0
91,expgamma5d_1,[ 794. 1515. 1792. 1278.  849.  603.],-0.9732847809791565,0
92,expgamma5d_1,[941. 880. 615. 425. 266. 171.  88.  74.  64.],-0.9788498282432556,0
93,expgamma5d_1,[1462. 1425.  769.  581.  399.  264.  212.  196.  136.],-0.9743487238883972,0
94,expgamma5d_1,[1060. 1590.],-0.9764934182167053,0
95,expgamma5d_1,[ 630. 1224. 1220.  763.  751.  588.  315.],-0.9733185172080994,0
96,expgamma5d_1,[1092. 1261.  962.  590.  497.  270.  202.],-0.9769331216812134,0
97,expgamma5d_1,[1008. 1698. 1407.  919.  547.  377.  369.],-0.974909245967865,0
98,expgamma5d_1,[1068. 1611. 1103.],-0.9781408905982971,0
99,expgamma5d_1,[229. 389. 438. 443. 256. 140. 117.  92.],-0.9771417379379272,0
100,expgamma5d_1,[1333. 1558. 1648. 1558. 1442. 1304.  819.  558.  340.  177.],-0.9678727984428406,0
101,expgamma5d_1,[ 966. 1138.  877.  503.],-0.978637158870697,0
102,expgamma5d_1,[228. 244. 127.  99.  82.],-0.9788086414337158,0
103,expgamma5d_1,[357. 469. 861. 588. 300. 264. 157. 115.  85.],-0.9770593047142029,0
104,expgamma5d_1,[686. 739. 915. 543. 338.],-0.9777526259422302,0
105,expgamma5d_1,[1791.],-0.978446364402771,0
106,expgamma5d_1,[560. 543. 385. 202. 106. 105.],-0.9784366488456726,0
107,expgamma5d_1,[106.],-0.9777186512947083,0
108,expgamma5d_1,[ 158.  309.  611.  810. 1292.  972.  698.  504.  274.  163.],-0.9709877371788025,0
109,expgamma5d_1,[ 981. 1235. 1701. 1689. 1230.],-0.9785333275794983,0
110,expgamma5d_1,[830. 766. 465. 397.],-0.977731466293335,0
111,expgamma5d_1,[655. 368. 317. 282. 172. 161. 106.  93.  59.],-0.9794381856918335,0
112,expgamma5d_1,[172. 233. 281. 353. 314. 186. 163. 138.],-0.9765673875808716,0
113,expgamma5d_1,[ 704. 1174. 1081.],-0.9777551889419556,0
114,expgamma5d_1,[474. 640. 470. 350.],-0.9792041182518005,0
115,expgamma5d_1,[628. 783. 464. 234. 127. 105.  74.  65.],-0.9760181307792664,0
116,expgamma5d_1,[415. 425. 769. 718. 479. 250. 244. 204. 114.],-0.9767822623252869,0
117,expgamma5d_1,[1287. 1720. 1687. 1676.  995.  902.  796.  536.  327.],-0.9692338705062866,0
118,expgamma5d_1,[44. 83. 53. 46. 42. 25.],-0.9785503149032593,0
119,expgamma5d_1,[ 822. 1427. 1252.  941.],-0.97773677110672,0
120,expgamma5d_1,[442. 378. 306. 215. 163. 129. 117.  80.  40.],-0.9772012829780579,0
121,expgamma5d_1,[ 889. 1156. 1746. 1065.  863.  817.  676.  445.  345.],-0.9677093029022217,0
122,expgamma5d_1,[1442.],-0.9779104590415955,0
123,expgamma5d_1,[ 394.  670. 1145. 1309.  719.  700.  511.  503.  356.],-0.966582179069519,0
124,expgamma5d_1,[ 86. 112. 139. 216. 357. 669. 561. 543. 285. 272.],-0.9730903506278992,0
125,expgamma5d_1,[200. 274. 283. 488. 529. 384. 292. 254.],-0.9750854969024658,0
126,expgamma5d_1,[261. 384. 233. 186. 176. 138.],-0.9791073799133301,0
127,expgamma5d_1,[ 760. 1144. 1767. 1548. 1096.  819.  582.  403.  282.],-0.9690268635749817,0
128,expgamma5d_1,[ 154.  269.  400.  648. 1136. 1416.  970.  949.  479.  416.],-0.9700967073440552,0
129,expgamma5d_1,[1108. 1372. 1452. 1073.  538.],-0.9771822094917297,0
130,expgamma5d_1,[268. 210. 206.],-0.975925087928772,0
131,expgamma5d_1,[664. 636. 469.],-0.977271318435669,0
132,expgamma5d_1,[ 82. 114.  77.],-0.9755541086196899,0
133,expgamma5d_1,[ 87. 159. 195. 126.  71.  61.  30.],-0.9789465665817261,0
134,expgamma5d_1,[817. 715.],-0.9761254191398621,0
135,expgamma5d_1,[ 341.  651.  857. 1474.  792.  758.],-0.9751155972480774,0
136,expgamma5d_1,[1447. 1246.  656.],-0.9785848259925842,0
137,expgamma5d_1,[528. 921. 564. 292. 157. 156. 141.  75.],-0.9782751202583313,0
138,expgamma5d_1,[ 603.  957. 1276.  657.],-0.9772977828979492,0
139,expgamma5d_1,[440. 350. 303. 294. 246. 140. 139. 129.],-0.9741568565368652,0
140,expgamma5d_1,[157. 143. 124. 103. 102.  65.  35.  33.  23.],-0.9791465997695923,0
141,expgamma5d_1,[446. 602. 632. 465.],-0.9782118797302246,0
142,expgamma5d_1,[477. 587. 423. 225. 159.  80.  75.  72.  37.],-0.97969651222229,0
143,expgamma5d_1,[235. 377. 562. 470. 376. 352. 246.],-0.9723011255264282,0
144,expgamma5d_1,[1371. 1180.  740.],-0.9785891175270081,0
145,expgamma5d_1,[1541.  844.],-0.977173388004303,0
146,expgamma5d_1,[ 562.  689. 1323. 1171.],-0.9775173664093018,0
147,expgamma5d_1,[1306.  926.  905.],-0.9787449836730957,0
148,expgamma5d_1,[1230.  794.],-0.9757341742515564,0
149,expgamma5d_1,[386. 565. 575. 722. 533. 316. 284. 259. 193.],-0.9743162989616394,0
0,expgamma5d_2,[746. 484. 270.],-1.1263563632965088,0
1,expgamma5d_2,[391. 503. 401. 231.],-1.1258900165557861,0
2,expgamma5d_2,[1242.  648.  580.  300.],-1.1253750324249268,0
3,expgamma5d_2,[573. 743. 641. 440. 316. 244. 223.],-1.121654748916626,0
4,expgamma5d_2,[428. 368. 314. 191. 190. 126.],-1.125350832939148,0
5,expgamma5d_2,[1173. 1202.],-1.1101136207580566,0
6,expgamma5d_2,[1479. 1597. 1681.  972.  817.  500.],-1.118267297744751,0
7,expgamma5d_2,[1395. 1751.],-1.1138715744018555,0
8,expgamma5d_2,[220. 150. 107.  53.  31.  19.  15.  13.],-1.1252529621124268,0
9,expgamma5d_2,[833. 420. 271. 179. 121. 102.],-1.1225860118865967,0
10,expgamma5d_2,[243. 398. 507. 732. 462. 344.],-1.11935555934906,0
11,expgamma5d_2,[ 825.  872. 1648. 1059.  705.  654.  562.  434.  242.  133.],-1.1084333658218384,0
12,expgamma5d_2,[1527.],-1.1138114929199219,0
13,expgamma5d_2,[ 866. 1266.  829.  691.],-1.123958706855774,0
14,expgamma5d_2,[575. 614. 930. 731. 406. 378. 352. 202.],-1.1176613569259644,0
15,expgamma5d_2,[ 358.  547. 1044.  929.  567.  355.  283.  206.],-1.1141315698623657,0
16,expgamma5d_2,[ 915. 1612.  948.  796.  541.  315.  282.  278.  258.  134.],-1.116756558418274,0
17,expgamma5d_2,[333. 646. 850. 824. 638. 584.],-1.117624282836914,0
18,expgamma5d_2,[528. 492. 464. 266. 164.],-1.122852087020874,0
19,expgamma5d_2,[216. 281. 524. 953. 726. 474. 427. 256.],-1.1145826578140259,0
20,expgamma5d_2,[1483. 1601. 1359.  733.],-1.1243489980697632,0
21,expgamma5d_2,[1088.  720.  579.],-1.1242479085922241,0
22,expgamma5d_2,[356. 684. 351. 290. 279.],-1.121431589126587,0
23,expgamma5d_2,[ 906. 1429.  859.  798.  643.  328.  263.  208.],-1.1179276704788208,0
24,expgamma5d_2,[ 515.  732. 1249. 1695. 1111.  788.  535.],-1.1134344339370728,0
25,expgamma5d_2,[ 953. 1470. 1480.  765.  762.  476.  307.  264.  249.],-1.1166844367980957,0
26,expgamma5d_2,[57. 37.],-1.1134697198867798,0
27,expgamma5d_2,[111. 119. 212. 344. 216. 182. 137.  82.  80.  51.],-1.1193937063217163,0
28,expgamma5d_2,[900.],-1.1139698028564453,0
29,expgamma5d_2,[210. 347. 444. 392. 279. 249. 210. 111.],-1.1176073551177979,0
30,expgamma5d_2,[671. 350. 252. 228.],-1.1242265701293945,0
31,expgamma5d_2,[180. 301. 432. 651. 632. 427. 369.],-1.1202749013900757,0
32,expgamma5d_2,[653. 779. 645. 498. 251. 204. 172.],-1.1212581396102905,0
33,expgamma5d_2,[898. 604. 362. 300. 296. 171. 142. 134.  77.  59.],-1.119033694267273,0
34,expgamma5d_2,[1800. 1487. 1112.  836.],-1.12324059009552,0
35,expgamma5d_2,[1509.],-1.1113120317459106,0
36,expgamma5d_2,[1195. 1222. 1020.],-1.1140482425689697,0
37,expgamma5d_2,[1567.  886.  531.  405.  254.],-1.1242904663085938,0
38,expgamma5d_2,[109. 111. 222. 161.],-1.1250749826431274,0
39,expgamma5d_2,[321. 476. 516. 567. 900. 602. 484. 423.],-1.1140495538711548,0
40,expgamma5d_2,[814. 834. 692. 624. 502. 455. 314. 198.],-1.1175249814987183,0
41,expgamma5d_2,[483. 894. 660.],-1.1229130029678345,0
42,expgamma5d_2,[420. 656. 592. 552. 330. 222.],-1.123158574104309,0
43,expgamma5d_2,[606. 666. 720. 589. 409.],-1.1234360933303833,0
44,expgamma5d_2,[28. 50. 31. 19.  9.  4.  3.  2.],-0.1503443717956543,0
45,expgamma5d_2,[644. 836. 825. 750.],-1.1243079900741577,0
46,expgamma5d_2,[943. 793. 554. 359. 232. 156. 152. 121.  82.],-1.1214993000030518,0
47,expgamma5d_2,[192. 285. 221. 133. 123. 106.  75.  67.  64.  58.],-1.1207636594772339,0
48,expgamma5d_2,[527. 630. 587. 338. 201. 159. 116.  98.],-1.1206879615783691,0
49,expgamma5d_2,[ 266.  353.  469.  930. 1750. 1151.  639.  535.],-1.1116806268692017,0
50,expgamma5d_2,[295. 291. 255. 245.],-1.1192868947982788,0
51,expgamma5d_2,[446. 544. 602. 521.],-1.125008225440979,0
52,expgamma5d_2,[ 461.  616. 1078. 1033.  670.],-1.118094563484192,0
53,expgamma5d_2,[551. 679. 682. 900. 941. 622. 605. 436.],-1.116244912147522,0
54,expgamma5d_2,[183. 202. 213. 224. 214. 182. 171. 163.],-1.1216456890106201,0
55,expgamma5d_2,[489. 643. 538.],-1.1243473291397095,0
56,expgamma5d_2,[338. 350. 576. 525. 286. 207. 183.],-1.1203560829162598,0
57,expgamma5d_2,[1437.],-1.1130214929580688,0
58,expgamma5d_2,[500. 607. 657. 633. 349. 323. 305. 250. 159.  96.],-1.1211916208267212,0
59,expgamma5d_2,[1311. 1179. 1064.],-1.1208844184875488,0
60,expgamma5d_2,[ 764. 1082.  604.  417.],-1.1241257190704346,0
61,expgamma5d_2,[1471.],-1.11272394657135,0
62,expgamma5d_2,[1207.],-1.1125084161758423,0
63,expgamma5d_2,[198. 267. 373. 314. 237. 215. 120. 117.],-1.1206011772155762,0
64,expgamma5d_2,[292. 298. 383. 667. 737. 638. 388. 369. 353. 197.],-1.1159462928771973,0
65,expgamma5d_2,[245. 323. 620. 991. 981. 593. 303. 254. 140. 133.],-1.1115931272506714,0
66,expgamma5d_2,[1667. 1639. 1569.  834.  650.],-1.1235332489013672,0
67,expgamma5d_2,[1287.],-1.11478853225708,0
68,expgamma5d_2,[351. 401. 582. 676. 722. 823. 625. 320. 302. 301.],-1.1108449697494507,0
69,expgamma5d_2,[ 690.  963. 1048. 1315. 1268. 1153.  766.  534.  437.],-1.105560541152954,0
70,expgamma5d_2,[872. 894. 768. 722. 585. 413. 290. 188.],-1.1135598421096802,0
71,expgamma5d_2,[1665. 1112. 1084.  618.  559.  449.  343.  260.],-1.1140177249908447,0
72,expgamma5d_2,[377.],-1.1109540462493896,0
73,expgamma5d_2,[851. 824. 633. 480. 479. 449. 377. 304.],-1.1152279376983643,0
74,expgamma5d_2,[1397. 1446.  888.  585.  577.  494.  309.  275.  248.],-1.1152631044387817,0
75,expgamma5d_2,[ 278.  456.  786. 1473. 1481. 1492.  812.  523.  272.  238.],-1.1189498901367188,0
76,expgamma5d_2,[1331. 1747. 1770. 1283. 1229.  804.  716.],-1.1091933250427246,0
77,expgamma5d_2,[180. 173. 151.  94.],-1.1237632036209106,0
78,expgamma5d_2,[239. 293. 372. 373. 357. 223. 174. 139. 120.  90.],-1.1151937246322632,0
79,expgamma5d_2,[1028. 1781. 1211.  948.],-1.1216470003128052,0
80,expgamma5d_2,[32. 49. 50. 61. 96. 68. 34. 25. 13.],-1.1190818548202515,0
81,expgamma5d_2,[1011. 1031.  723.  603.  578.  310.  184.],-1.119678258895874,0
82,expgamma5d_2,[ 72.  78. 156. 158. 130.  84.  65.  43.  31.],-1.1234345436096191,0
83,expgamma5d_2,[ 869. 1173. 1119. 1091.  896.  840.],-1.1185308694839478,0
84,expgamma5d_2,[478. 867.],-1.1107178926467896,0
85,expgamma5d_2,[1508. 1082.  751.],-1.1229186058044434,0
86,expgamma5d_2,[51. 38.],-1.117069959640503,0
87,expgamma5d_2,[ 691.  709. 1109. 1119.  780.  567.  522.],-1.117142915725708,0
88,expgamma5d_2,[1211. 1659.],-1.1005427837371826,0
89,expgamma5d_2,[1062. 1084.  570.],-1.1231653690338135,0
90,expgamma5d_2,[271. 407. 705. 901. 798. 657.],-1.1198381185531616,0
91,expgamma5d_2,[ 794. 1515. 1792. 1278.  849.  603.],-1.1185518503189087,0
92,expgamma5d_2,[941. 880. 615. 425. 266. 171.  88.  74.  64.],-1.1220173835754395,0
93,expgamma5d_2,[1462. 1425.  769.  581.  399.  264.  212.  196.  136.],-1.1195759773254395,0
94,expgamma5d_2,[1060. 1590.],-1.1048731803894043,0
95,expgamma5d_2,[ 630. 1224. 1220.  763.  751.  588.  315.],-1.1162910461425781,0
96,expgamma5d_2,[1092. 1261.  962.  590.  497.  270.  202.],-1.120030164718628,0
97,expgamma5d_2,[1008. 1698. 1407.  919.  547.  377.  369.],-1.1166812181472778,0
98,expgamma5d_2,[1068. 1611. 1103.],-1.1231303215026855,0
99,expgamma5d_2,[229. 389. 438. 443. 256. 140. 117.  92.],-1.122312068939209,0
100,expgamma5d_2,[1333. 1558. 1648. 1558. 1442. 1304.  819.  558.  340.  177.],-1.1133928298950195,0
101,expgamma5d_2,[ 966. 1138.  877.  503.],-1.1244367361068726,0
102,expgamma5d_2,[228. 244. 127.  99.  82.],-1.1264468431472778,1
103,expgamma5d_2,[357. 469. 861. 588. 300. 264. 157. 115.  85.],-1.1194877624511719,0
104,expgamma5d_2,[686. 739. 915. 543. 338.],-1.1219919919967651,0
105,expgamma5d_2,[1791.],-1.1156606674194336,0
106,expgamma5d_2,[560. 543. 385. 202. 106. 105.],-1.1257001161575317,0
107,expgamma5d_2,[106.],-1.1100454330444336,0
108,expgamma5d_2,[ 158.  309.  611.  810. 1292.  972.  698.  504.  274.  163.],-1.1088069677352905,0
109,expgamma5d_2,[ 981. 1235. 1701. 1689. 1230.],-1.120303750038147,0
110,expgamma5d_2,[830. 766. 465. 397.],-1.1251651048660278,0
111,expgamma5d_2,[655. 368. 317. 282. 172. 161. 106.  93.  59.],-1.121475100517273,0
112,expgamma5d_2,[172. 233. 281. 353. 314. 186. 163. 138.],-1.1201916933059692,0
113,expgamma5d_2,[ 704. 1174. 1081.],-1.121751308441162,0
114,expgamma5d_2,[474. 640. 470. 350.],-1.123481273651123,0
115,expgamma5d_2,[628. 783. 464. 234. 127. 105.  74.  65.],-1.1238105297088623,0
116,expgamma5d_2,[415. 425. 769. 718. 479. 250. 244. 204. 114.],-1.1172646284103394,0
117,expgamma5d_2,[1287. 1720. 1687. 1676.  995.  902.  796.  536.  327.],-1.108232855796814,0
118,expgamma5d_2,[44. 83. 53. 46. 42. 25.],-1.12421715259552,0
119,expgamma5d_2,[ 822. 1427. 1252.  941.],-1.1230106353759766,0
120,expgamma5d_2,[442. 378. 306. 215. 163. 129. 117.  80.  40.],-1.1212694644927979,0
121,expgamma5d_2,[ 889. 1156. 1746. 1065.  863.  817.  676.  445.  345.],-1.1144264936447144,0
122,expgamma5d_2,[1442.],-1.1121798753738403,0
123,expgamma5d_2,[ 394.  670. 1145. 1309.  719.  700.  511.  503.  356.],-1.1080000400543213,0
124,expgamma5d_2,[ 86. 112. 139. 216. 357. 669. 561. 543. 285. 272.],-1.117561936378479,0
125,expgamma5d_2,[200. 274. 283. 488. 529. 384. 292. 254.],-1.1152032613754272,0
126,expgamma5d_2,[261. 384. 233. 186. 176. 138.],-1.1246777772903442,0
127,expgamma5d_2,[ 760. 1144. 1767. 1548. 1096.  819.  582.  403.  282.],-1.1114262342453003,0
128,expgamma5d_2,[ 154.  269.  400.  648. 1136. 1416.  970.  949.  479.  416.],-1.1101832389831543,0
129,expgamma5d_2,[1108. 1372. 1452. 1073.  538.],-1.122800588607788,0
130,expgamma5d_2,[268. 210. 206.],-1.1239243745803833,0
131,expgamma5d_2,[664. 636. 469.],-1.1209919452667236,0
132,expgamma5d_2,[ 82. 114.  77.],-1.1124229431152344,0
133,expgamma5d_2,[ 87. 159. 195. 126.  71.  61.  30.],-1.1253260374069214,0
134,expgamma5d_2,[817. 715.],-1.1173160076141357,0
135,expgamma5d_2,[ 341.  651.  857. 1474.  792.  758.],-1.118746042251587,0
136,expgamma5d_2,[1447. 1246.  656.],-1.1241892576217651,0
137,expgamma5d_2,[528. 921. 564. 292. 157. 156. 141.  75.],-1.124433159828186,0
138,expgamma5d_2,[ 603.  957. 1276.  657.],-1.121987223625183,0
139,expgamma5d_2,[440. 350. 303. 294. 246. 140. 139. 129.],-1.1216155290603638,0
140,expgamma5d_2,[157. 143. 124. 103. 102.  65.  35.  33.  23.],-1.1248377561569214,0
141,expgamma5d_2,[446. 602. 632. 465.],-1.1205830574035645,0
142,expgamma5d_2,[477. 587. 423. 225. 159.  80.  75.  72.  37.],-1.1206049919128418,0
143,expgamma5d_2,[235. 377. 562. 470. 376. 352. 246.],-1.1194443702697754,0
144,expgamma5d_2,[1371. 1180.  740.],-1.1195327043533325,0
145,expgamma5d_2,[1541.  844.],-1.1158955097198486,0
146,expgamma5d_2,[ 562.  689. 1323. 1171.],-1.1218063831329346,0
147,expgamma5d_2,[1306.  926.  905.],-1.1207200288772583,0
148,expgamma5d_2,[1230.  794.],-1.100695252418518,0
149,expgamma5d_2,[386. 565. 575. 722. 533. 316. 284. 259. 193.],-1.1177011728286743,0
0,expgamma5d_3,[746. 484. 270.],-0.9187717437744141,0
1,expgamma5d_3,[391. 503. 401. 231.],-0.9184314012527466,0
2,expgamma5d_3,[1242.  648.  580.  300.],-0.9170557260513306,0
3,expgamma5d_3,[573. 743. 641. 440. 316. 244. 223.],-0.915463924407959,0
4,expgamma5d_3,[428. 368. 314. 191. 190. 126.],-0.9177970886230469,0
5,expgamma5d_3,[1173. 1202.],-0.9171183109283447,0
6,expgamma5d_3,[1479. 1597. 1681.  972.  817.  500.],-0.9153279662132263,0
7,expgamma5d_3,[1395. 1751.],-0.9147576093673706,0
8,expgamma5d_3,[220. 150. 107.  53.  31.  19.  15.  13.],-0.9182060956954956,0
9,expgamma5d_3,[833. 420. 271. 179. 121. 102.],-0.9166823625564575,0
10,expgamma5d_3,[243. 398. 507. 732. 462. 344.],-0.9149954915046692,0
11,expgamma5d_3,[ 825.  872. 1648. 1059.  705.  654.  562.  434.  242.  133.],-0.9114096760749817,0
12,expgamma5d_3,[1527.],-0.9182305932044983,0
13,expgamma5d_3,[ 866. 1266.  829.  691.],-0.9191015362739563,0
14,expgamma5d_3,[575. 614. 930. 731. 406. 378. 352. 202.],-0.9150949716567993,0
15,expgamma5d_3,[ 358.  547. 1044.  929.  567.  355.  283.  206.],-0.9136509299278259,0
16,expgamma5d_3,[ 915. 1612.  948.  796.  541.  315.  282.  278.  258.  134.],-0.9111114740371704,0
17,expgamma5d_3,[333. 646. 850. 824. 638. 584.],-0.9159564971923828,0
18,expgamma5d_3,[528. 492. 464. 266. 164.],-0.9177162051200867,0
19,expgamma5d_3,[216. 281. 524. 953. 726. 474. 427. 256.],-0.9123681783676147,0
20,expgamma5d_3,[1483. 1601. 1359.  733.],-0.9159311652183533,0
21,expgamma5d_3,[1088.  720.  579.],-0.9156169295310974,0
22,expgamma5d_3,[356. 684. 351. 290. 279.],-0.9168263077735901,0
23,expgamma5d_3,[ 906. 1429.  859.  798.  643.  328.  263.  208.],-0.9134088158607483,0
24,expgamma5d_3,[ 515.  732. 1249. 1695. 1111.  788.  535.],-0.912944495677948,0
25,expgamma5d_3,[ 953. 1470. 1480.  765.  762.  476.  307.  264.  249.],-0.9137495160102844,0
26,expgamma5d_3,[57. 37.],-0.9182226061820984,0
27,expgamma5d_3,[111. 119. 212. 344. 216. 182. 137.  82.  80.  51.],-0.9137203693389893,0
28,expgamma5d_3,[900.],-0.9183637499809265,0
29,expgamma5d_3,[210. 347. 444. 392. 279. 249. 210. 111.],-0.9150058031082153,0
30,expgamma5d_3,[671. 350. 252. 228.],-0.9179324507713318,0
31,expgamma5d_3,[180. 301. 432. 651. 632. 427. 369.],-0.9152957201004028,0
32,expgamma5d_3,[653. 779. 645. 498. 251. 204. 172.],-0.9165605902671814,0
33,expgamma5d_3,[898. 604. 362. 300. 296. 171. 142. 134.  77.  59.],-0.9163695573806763,0
34,expgamma5d_3,[1800. 1487. 1112.  836.],-0.9177348613739014,0
35,expgamma5d_3,[1509.],-0.9182990789413452,0
36,expgamma5d_3,[1195. 1222. 1020.],-0.9175570011138916,0
37,expgamma5d_3,[1567.  886.  531.  405.  254.],-0.9169579744338989,0
38,expgamma5d_3,[109. 111. 222. 161.],-0.9166104793548584,0
39,expgamma5d_3,[321. 476. 516. 567. 900. 602. 484. 423.],-0.9137467741966248,0
40,expgamma5d_3,[814. 834. 692. 624. 502. 455. 314. 198.],-0.910824179649353,0
41,expgamma5d_3,[483. 894. 660.],-0.914651095867157,0
42,expgamma5d_3,[420. 656. 592. 552. 330. 222.],-0.9163770079612732,0
43,expgamma5d_3,[606. 666. 720. 589. 409.],-0.9170613884925842,0
44,expgamma5d_3,[28. 50. 31. 19.  9.  4.  3.  2.],-0.18779034912586212,0
45,expgamma5d_3,[644. 836. 825. 750.],-0.9153392910957336,0
46,expgamma5d_3,[943. 793. 554. 359. 232. 156. 152. 121.  82.],-0.9165539741516113,0
47,expgamma5d_3,[192. 285. 221. 133. 123. 106.  75.  67.  64.  58.],-0.9137743711471558,0
48,expgamma5d_3,[527. 630. 587. 338. 201. 159. 116.  98.],-0.9156323671340942,0
49,expgamma5d_3,[ 266.  353.  469.  930. 1750. 1151.  639.  535.],-0.9137195944786072,0
50,expgamma5d_3,[295. 291. 255. 245.],-0.916498601436615,0
51,expgamma5d_3,[446. 544. 602. 521.],-0.9173840284347534,0
52,expgamma5d_3,[ 461.  616. 1078. 1033.  670.],-0.9163062572479248,0
53,expgamma5d_3,[551. 679. 682. 900. 941. 622. 605. 436.],-0.9121388792991638,0
54,expgamma5d_3,[183. 202. 213. 224. 214. 182. 171. 163.],-0.9165569543838501,0
55,expgamma5d_3,[489. 643. 538.],-0.915643572807312,0
56,expgamma5d_3,[338. 350. 576. 525. 286. 207. 183.],-0.9141930341720581,0
57,expgamma5d_3,[1437.],-0.9179573655128479,0
58,expgamma5d_3,[500. 607. 657. 633. 349. 323. 305. 250. 159.  96.],-0.9111193418502808,0
59,expgamma5d_3,[1311. 1179. 1064.],-0.9173566102981567,0
60,expgamma5d_3,[ 764. 1082.  604.  417.],-0.9180106520652771,0
61,expgamma5d_3,[1471.],-0.9183262586593628,0
62,expgamma5d_3,[1207.],-0.9178478717803955,0
63,expgamma5d_3,[198. 267. 373. 314. 237. 215. 120. 117.],-0.9159729480743408,0
64,expgamma5d_3,[292. 298. 383. 667. 737. 638. 388. 369. 353. 197.],-0.9089903831481934,0
65,expgamma5d_3,[245. 323. 620. 991. 981. 593. 303. 254. 140. 133.],-0.912179172039032,0
66,expgamma5d_3,[1667. 1639. 1569.  834.  650.],-0.9154492616653442,0
67,expgamma5d_3,[1287.],-0.9180618524551392,0
68,expgamma5d_3,[351. 401. 582. 676. 722. 823. 625. 320. 302. 301.],-0.9080530405044556,0
69,expgamma5d_3,[ 690.  963. 1048. 1315. 1268. 1153.  766.  534.  437.],-0.9080380797386169,0
70,expgamma5d_3,[872. 894. 768. 722. 585. 413. 290. 188.],-0.916347086429596,0
71,expgamma5d_3,[1665. 1112. 1084.  618.  559.  449.  343.  260.],-0.9165887832641602,0
72,expgamma5d_3,[377.],-0.9182561039924622,0
73,expgamma5d_3,[851. 824. 633. 480. 479. 449. 377. 304.],-0.9143930673599243,0
74,expgamma5d_3,[1397. 1446.  888.  585.  577.  494.  309.  275.  248.],-0.9109743237495422,0
75,expgamma5d_3,[ 278.  456.  786. 1473. 1481. 1492.  812.  523.  272.  238.],-0.9086287617683411,0
76,expgamma5d_3,[1331. 1747. 1770. 1283. 1229.  804.  716.],-0.9125913381576538,0
77,expgamma5d_3,[180. 173. 151.  94.],-0.917550265789032,0
78,expgamma5d_3,[239. 293. 372. 373. 357. 223. 174. 139. 120.  90.],-0.9133893847465515,0
79,expgamma5d_3,[1028. 1781. 1211.  948.],-0.9175938367843628,0
80,expgamma5d_3,[32. 49. 50. 61. 96. 68. 34. 25. 13.],-0.9174650311470032,0
81,expgamma5d_3,[1011. 1031.  723.  603.  578.  310.  184.],-0.915622889995575,0
82,expgamma5d_3,[ 72.  78. 156. 158. 130.  84.  65.  43.  31.],-0.9165058135986328,0
83,expgamma5d_3,[ 869. 1173. 1119. 1091.  896.  840.],-0.9145406484603882,0
84,expgamma5d_3,[478. 867.],-0.9160445332527161,0
85,expgamma5d_3,[1508. 1082.  751.],-0.9156997799873352,0
86,expgamma5d_3,[51. 38.],-0.9122337698936462,0
87,expgamma5d_3,[ 691.  709. 1109. 1119.  780.  567.  522.],-0.9129207730293274,0
88,expgamma5d_3,[1211. 1659.],-0.9171621799468994,0
89,expgamma5d_3,[1062. 1084.  570.],-0.9160155653953552,0
90,expgamma5d_3,[271. 407. 705. 901. 798. 657.],-0.9163544774055481,0
91,expgamma5d_3,[ 794. 1515. 1792. 1278.  849.  603.],-0.9130096435546875,0
92,expgamma5d_3,[941. 880. 615. 425. 266. 171.  88.  74.  64.],-0.9153879880905151,0
93,expgamma5d_3,[1462. 1425.  769.  581.  399.  264.  212.  196.  136.],-0.9125217795372009,0
94,expgamma5d_3,[1060. 1590.],-0.9180268049240112,0
95,expgamma5d_3,[ 630. 1224. 1220.  763.  751.  588.  315.],-0.9147212505340576,0
96,expgamma5d_3,[1092. 1261.  962.  590.  497.  270.  202.],-0.9134019613265991,0
97,expgamma5d_3,[1008. 1698. 1407.  919.  547.  377.  369.],-0.91534423828125,0
98,expgamma5d_3,[1068. 1611. 1103.],-0.9172296524047852,0
99,expgamma5d_3,[229. 389. 438. 443. 256. 140. 117.  92.],-0.9158887267112732,0
100,expgamma5d_3,[1333. 1558. 1648. 1558. 1442. 1304.  819.  558.  340.  177.],-0.9082516431808472,0
101,expgamma5d_3,[ 966. 1138.  877.  503.],-0.9182136058807373,0
102,expgamma5d_3,[228. 244. 127.  99.  82.],-0.9179712533950806,0
103,expgamma5d_3,[357. 469. 861. 588. 300. 264. 157. 115.  85.],-0.914482057094574,0
104,expgamma5d_3,[686. 739. 915. 543. 338.],-0.9152634739875793,0
105,expgamma5d_3,[1791.],-0.9181340932846069,0
106,expgamma5d_3,[560. 543. 385. 202. 106. 105.],-0.9136635065078735,0
107,expgamma5d_3,[106.],-0.9185076355934143,0
108,expgamma5d_3,[ 158.  309.  611.  810. 1292.  972.  698.  504.  274.  163.],-0.9080621600151062,0
109,expgamma5d_3,[ 981. 1235. 1701. 1689. 1230.],-0.9140512347221375,0
110,expgamma5d_3,[830. 766. 465. 397.],-0.9173427224159241,0
111,expgamma5d_3,[655. 368. 317. 282. 172. 161. 106.  93.  59.],-0.9158417582511902,0
112,expgamma5d_3,[172. 233. 281. 353. 314. 186. 163. 138.],-0.9174324870109558,0
113,expgamma5d_3,[ 704. 1174. 1081.],-0.9163617491722107,0
114,expgamma5d_3,[474. 640. 470. 350.],-0.9168583750724792,0
115,expgamma5d_3,[628. 783. 464. 234. 127. 105.  74.  65.],-0.9170156121253967,0
116,expgamma5d_3,[415. 425. 769. 718. 479. 250. 244. 204. 114.],-0.9118167161941528,0
117,expgamma5d_3,[1287. 1720. 1687. 1676.  995.  902.  796.  536.  327.],-0.9124529957771301,0
118,expgamma5d_3,[44. 83. 53. 46. 42. 25.],-0.9174140095710754,0
119,expgamma5d_3,[ 822. 1427. 1252.  941.],-0.9170079231262207,0
120,expgamma5d_3,[442. 378. 306. 215. 163. 129. 117.  80.  40.],-0.9168174862861633,0
121,expgamma5d_3,[ 889. 1156. 1746. 1065.  863.  817.  676.  445.  345.],-0.9095916152000427,0
122,expgamma5d_3,[1442.],-0.9181830286979675,0
123,expgamma5d_3,[ 394.  670. 1145. 1309.  719.  700.  511.  503.  356.],-0.909233033657074,0
124,expgamma5d_3,[ 86. 112. 139. 216. 357. 669. 561. 543. 285. 272.],-0.9117255210876465,0
125,expgamma5d_3,[200. 274. 283. 488. 529. 384. 292. 254.],-0.9135987758636475,0
126,expgamma5d_3,[261. 384. 233. 186. 176. 138.],-0.9172483682632446,0
127,expgamma5d_3,[ 760. 1144. 1767. 1548. 1096.  819.  582.  403.  282.],-0.9088641405105591,0
128,expgamma5d_3,[ 154.  269.  400.  648. 1136. 1416.  970.  949.  479.  416.],-0.9038656949996948,0
129,expgamma5d_3,[1108. 1372. 1452. 1073.  538.],-0.9188731908798218,0
130,expgamma5d_3,[268. 210. 206.],-0.9182265996932983,0
131,expgamma5d_3,[664. 636. 469.],-0.917812705039978,0
132,expgamma5d_3,[ 82. 114.  77.],-0.9182351231575012,0
133,expgamma5d_3,[ 87. 159. 195. 126.  71.  61.  30.],-0.9191504120826721,1
134,expgamma5d_3,[817. 715.],-0.9168384075164795,0
135,expgamma5d_3,[ 341.  651.  857. 1474.  792.  758.],-0.9135226011276245,0
136,expgamma5d_3,[1447. 1246.  656.],-0.9166151881217957,0
137,expgamma5d_3,[528. 921. 564. 292. 157. 156. 141.  75.],-0.9155151844024658,0
138,expgamma5d_3,[ 603.  957. 1276.  657.],-0.917292594909668,0
139,expgamma5d_3,[440. 350. 303. 294. 246. 140. 139. 129.],-0.9157659411430359,0
140,expgamma5d_3,[157. 143. 124. 103. 102.  65.  35.  33.  23.],-0.9170058965682983,0
141,expgamma5d_3,[446. 602. 632. 465.],-0.9164901971817017,0
142,expgamma5d_3,[477. 587. 423. 225. 159.  80.  75.  72.  37.],-0.9155513048171997,0
143,expgamma5d_3,[235. 377. 562. 470. 376. 352. 246.],-0.9154822826385498,0
144,expgamma5d_3,[1371. 1180.  740.],-0.9152756333351135,0
145,expgamma5d_3,[1541.  844.],-0.9176744222640991,0
146,expgamma5d_3,[ 562.  689. 1323. 1171.],-0.9160471558570862,0
147,expgamma5d_3,[1306.  926.  905.],-0.9172173142433167,0
148,expgamma5d_3,[1230.  794.],-0.9158957004547119,0
149,expgamma5d_3,[386. 565. 575. 722. 533. 316. 284. 259. 193.],-0.909224271774292,0
0,expgamma5d_4,[746. 484. 270.],-0.7254876494407654,0
1,expgamma5d_4,[391. 503. 401. 231.],-0.7261199355125427,0
2,expgamma5d_4,[1242.  648.  580.  300.],-0.7270728945732117,0
3,expgamma5d_4,[573. 743. 641. 440. 316. 244. 223.],-0.7257725596427917,0
4,expgamma5d_4,[428. 368. 314. 191. 190. 126.],-0.7249829173088074,0
5,expgamma5d_4,[1173. 1202.],-0.7237353920936584,0
6,expgamma5d_4,[1479. 1597. 1681.  972.  817.  500.],-0.7236915826797485,0
7,expgamma5d_4,[1395. 1751.],-0.7258119583129883,0
8,expgamma5d_4,[220. 150. 107.  53.  31.  19.  15.  13.],-0.7242565155029297,0
9,expgamma5d_4,[833. 420. 271. 179. 121. 102.],-0.7265026569366455,0
10,expgamma5d_4,[243. 398. 507. 732. 462. 344.],-0.7258633375167847,0
11,expgamma5d_4,[ 825.  872. 1648. 1059.  705.  654.  562.  434.  242.  133.],-0.7274290323257446,0
12,expgamma5d_4,[1527.],-0.7213848233222961,0
13,expgamma5d_4,[ 866. 1266.  829.  691.],-0.7270974516868591,0
14,expgamma5d_4,[575. 614. 930. 731. 406. 378. 352. 202.],-0.7263185381889343,0
15,expgamma5d_4,[ 358.  547. 1044.  929.  567.  355.  283.  206.],-0.7264431715011597,0
16,expgamma5d_4,[ 915. 1612.  948.  796.  541.  315.  282.  278.  258.  134.],-0.7256127595901489,0
17,expgamma5d_4,[333. 646. 850. 824. 638. 584.],-0.7261864542961121,0
18,expgamma5d_4,[528. 492. 464. 266. 164.],-0.7265939712524414,0
19,expgamma5d_4,[216. 281. 524. 953. 726. 474. 427. 256.],-0.7246225476264954,0
20,expgamma5d_4,[1483. 1601. 1359.  733.],-0.7245184183120728,0
21,expgamma5d_4,[1088.  720.  579.],-0.7266097068786621,0
22,expgamma5d_4,[356. 684. 351. 290. 279.],-0.7267633676528931,0
23,expgamma5d_4,[ 906. 1429.  859.  798.  643.  328.  263.  208.],-0.7226389646530151,0
24,expgamma5d_4,[ 515.  732. 1249. 1695. 1111.  788.  535.],-0.7270829081535339,0
25,expgamma5d_4,[ 953. 1470. 1480.  765.  762.  476.  307.  264.  249.],-0.7282840013504028,0
26,expgamma5d_4,[57. 37.],-0.7226675152778625,0
27,expgamma5d_4,[111. 119. 212. 344. 216. 182. 137.  82.  80.  51.],-0.7254627346992493,0
28,expgamma5d_4,[900.],-0.7218949794769287,0
29,expgamma5d_4,[210. 347. 444. 392. 279. 249. 210. 111.],-0.7254891991615295,0
30,expgamma5d_4,[671. 350. 252. 228.],-0.7254282236099243,0
31,expgamma5d_4,[180. 301. 432. 651. 632. 427. 369.],-0.7251148223876953,0
32,expgamma5d_4,[653. 779. 645. 498. 251. 204. 172.],-0.7268512845039368,0
33,expgamma5d_4,[898. 604. 362. 300. 296. 171. 142. 134.  77.  59.],-0.7251898646354675,0
34,expgamma5d_4,[1800. 1487. 1112.  836.],-0.727116048336029,0
35,expgamma5d_4,[1509.],-0.7217410206794739,0
36,expgamma5d_4,[1195. 1222. 1020.],-0.7255437970161438,0
37,expgamma5d_4,[1567.  886.  531.  405.  254.],-0.7263911962509155,0
38,expgamma5d_4,[109. 111. 222. 161.],-0.7255123257637024,0
39,expgamma5d_4,[321. 476. 516. 567. 900. 602. 484. 423.],-0.7254726886749268,0
40,expgamma5d_4,[814. 834. 692. 624. 502. 455. 314. 198.],-0.7244815826416016,0
41,expgamma5d_4,[483. 894. 660.],-0.7253686785697937,0
42,expgamma5d_4,[420. 656. 592. 552. 330. 222.],-0.7248551845550537,0
43,expgamma5d_4,[606. 666. 720. 589. 409.],-0.724960207939148,0
44,expgamma5d_4,[28. 50. 31. 19.  9.  4.  3.  2.],-0.6274067759513855,0
45,expgamma5d_4,[644. 836. 825. 750.],-0.7265569567680359,0
46,expgamma5d_4,[943. 793. 554. 359. 232. 156. 152. 121.  82.],-0.7252085208892822,0
47,expgamma5d_4,[192. 285. 221. 133. 123. 106.  75.  67.  64.  58.],-0.723067045211792,0
48,expgamma5d_4,[527. 630. 587. 338. 201. 159. 116.  98.],-0.7261843681335449,0
49,expgamma5d_4,[ 266.  353.  469.  930. 1750. 1151.  639.  535.],-0.7231775522232056,0
50,expgamma5d_4,[295. 291. 255. 245.],-0.726793646812439,0
51,expgamma5d_4,[446. 544. 602. 521.],-0.7244372367858887,0
52,expgamma5d_4,[ 461.  616. 1078. 1033.  670.],-0.728218138217926,0
53,expgamma5d_4,[551. 679. 682. 900. 941. 622. 605. 436.],-0.7221212983131409,0
54,expgamma5d_4,[183. 202. 213. 224. 214. 182. 171. 163.],-0.7242895364761353,0
55,expgamma5d_4,[489. 643. 538.],-0.7267784476280212,0
56,expgamma5d_4,[338. 350. 576. 525. 286. 207. 183.],-0.7272935509681702,0
57,expgamma5d_4,[1437.],-0.722090482711792,0
58,expgamma5d_4,[500. 607. 657. 633. 349. 323. 305. 250. 159.  96.],-0.727441132068634,0
59,expgamma5d_4,[1311. 1179. 1064.],-0.7261715531349182,0
60,expgamma5d_4,[ 764. 1082.  604.  417.],-0.7226836681365967,0
61,expgamma5d_4,[1471.],-0.7218899726867676,0
62,expgamma5d_4,[1207.],-0.7220102548599243,0
63,expgamma5d_4,[198. 267. 373. 314. 237. 215. 120. 117.],-0.7258999943733215,0
64,expgamma5d_4,[292. 298. 383. 667. 737. 638. 388. 369. 353. 197.],-0.7232750058174133,0
65,expgamma5d_4,[245. 323. 620. 991. 981. 593. 303. 254. 140. 133.],-0.7246655821800232,0
66,expgamma5d_4,[1667. 1639. 1569.  834.  650.],-0.7242329716682434,0
67,expgamma5d_4,[1287.],-0.7220152020454407,0
68,expgamma5d_4,[351. 401. 582. 676. 722. 823. 625. 320. 302. 301.],-0.7195757031440735,0
69,expgamma5d_4,[ 690.  963. 1048. 1315. 1268. 1153.  766.  534.  437.],-0.7198225259780884,0
70,expgamma5d_4,[872. 894. 768. 722. 585. 413. 290. 188.],-0.7238147258758545,0
71,expgamma5d_4,[1665. 1112. 1084.  618.  559.  449.  343.  260.],-0.7261504530906677,0
72,expgamma5d_4,[377.],-0.7219257354736328,0
73,expgamma5d_4,[851. 824. 633. 480. 479. 449. 377. 304.],-0.7272629141807556,0
74,expgamma5d_4,[1397. 1446.  888.  585.  577.  494.  309.  275.  248.],-0.7221001982688904,0
75,expgamma5d_4,[ 278.  456.  786. 1473. 1481. 1492.  812.  523.  272.  238.],-0.7198072075843811,0
76,expgamma5d_4,[1331. 1747. 1770. 1283. 1229.  804.  716.],-0.7247974872589111,0
77,expgamma5d_4,[180. 173. 151.  94.],-0.7254552841186523,0
78,expgamma5d_4,[239. 293. 372. 373. 357. 223. 174. 139. 120.  90.],-0.7245575785636902,0
79,expgamma5d_4,[1028. 1781. 1211.  948.],-0.7265775799751282,0
80,expgamma5d_4,[32. 49. 50. 61. 96. 68. 34. 25. 13.],-0.7237218022346497,0
81,expgamma5d_4,[1011. 1031.  723.  603.  578.  310.  184.],-0.7276504039764404,0
82,expgamma5d_4,[ 72.  78. 156. 158. 130.  84.  65.  43.  31.],-0.7252474427223206,0
83,expgamma5d_4,[ 869. 1173. 1119. 1091.  896.  840.],-0.7284865379333496,1
84,expgamma5d_4,[478. 867.],-0.7250317335128784,0
85,expgamma5d_4,[1508. 1082.  751.],-0.728029727935791,0
86,expgamma5d_4,[51. 38.],-0.7243828773498535,0
87,expgamma5d_4,[ 691.  709. 1109. 1119.  780.  567.  522.],-0.7246752977371216,0
88,expgamma5d_4,[1211. 1659.],-0.7257501482963562,0
89,expgamma5d_4,[1062. 1084.  570.],-0.7271273136138916,0
90,expgamma5d_4,[271. 407. 705. 901. 798. 657.],-0.7259985208511353,0
91,expgamma5d_4,[ 794. 1515. 1792. 1278.  849.  603.],-0.7269712090492249,0
92,expgamma5d_4,[941. 880. 615. 425. 266. 171.  88.  74.  64.],-0.7251100540161133,0
93,expgamma5d_4,[1462. 1425.  769.  581.  399.  264.  212.  196.  136.],-0.7234737277030945,0
94,expgamma5d_4,[1060. 1590.],-0.7262726426124573,0
95,expgamma5d_4,[ 630. 1224. 1220.  763.  751.  588.  315.],-0.7263056635856628,0
96,expgamma5d_4,[1092. 1261.  962.  590.  497.  270.  202.],-0.7265149354934692,0
97,expgamma5d_4,[1008. 1698. 1407.  919.  547.  377.  369.],-0.7258436679840088,0
98,expgamma5d_4,[1068. 1611. 1103.],-0.7273641228675842,0
99,expgamma5d_4,[229. 389. 438. 443. 256. 140. 117.  92.],-0.7264286279678345,0
100,expgamma5d_4,[1333. 1558. 1648. 1558. 1442. 1304.  819.  558.  340.  177.],-0.7191475629806519,0
101,expgamma5d_4,[ 966. 1138.  877.  503.],-0.7254732847213745,0
102,expgamma5d_4,[228. 244. 127.  99.  82.],-0.7274733781814575,0
103,expgamma5d_4,[357. 469. 861. 588. 300. 264. 157. 115.  85.],-0.7253201603889465,0
104,expgamma5d_4,[686. 739. 915. 543. 338.],-0.7256163954734802,0
105,expgamma5d_4,[1791.],-0.7222049832344055,0
106,expgamma5d_4,[560. 543. 385. 202. 106. 105.],-0.72579425573349,0
107,expgamma5d_4,[106.],-0.7210693955421448,0
108,expgamma5d_4,[ 158.  309.  611.  810. 1292.  972.  698.  504.  274.  163.],-0.722660481929779,0
109,expgamma5d_4,[ 981. 1235. 1701. 1689. 1230.],-0.7223513722419739,0
110,expgamma5d_4,[830. 766. 465. 397.],-0.7268244028091431,0
111,expgamma5d_4,[655. 368. 317. 282. 172. 161. 106.  93.  59.],-0.7248890399932861,0
112,expgamma5d_4,[172. 233. 281. 353. 314. 186. 163. 138.],-0.7259045839309692,0
113,expgamma5d_4,[ 704. 1174. 1081.],-0.726218044757843,0
114,expgamma5d_4,[474. 640. 470. 350.],-0.7256745100021362,0
115,expgamma5d_4,[628. 783. 464. 234. 127. 105.  74.  65.],-0.7230521440505981,0
116,expgamma5d_4,[415. 425. 769. 718. 479. 250. 244. 204. 114.],-0.7238585948944092,0
117,expgamma5d_4,[1287. 1720. 1687. 1676.  995.  902.  796.  536.  327.],-0.7227329015731812,0
118,expgamma5d_4,[44. 83. 53. 46. 42. 25.],-0.7252188920974731,0
119,expgamma5d_4,[ 822. 1427. 1252.  941.],-0.726666271686554,0
120,expgamma5d_4,[442. 378. 306. 215. 163. 129. 117.  80.  40.],-0.7230672836303711,0
121,expgamma5d_4,[ 889. 1156. 1746. 1065.  863.  817.  676.  445.  345.],-0.7235939502716064,0
122,expgamma5d_4,[1442.],-0.7211509346961975,0
123,expgamma5d_4,[ 394.  670. 1145. 1309.  719.  700.  511.  503.  356.],-0.7218119502067566,0
124,expgamma5d_4,[ 86. 112. 139. 216. 357. 669. 561. 543. 285. 272.],-0.7231873869895935,0
125,expgamma5d_4,[200. 274. 283. 488. 529. 384. 292. 254.],-0.7261937260627747,0
126,expgamma5d_4,[261. 384. 233. 186. 176. 138.],-0.7260575294494629,0
127,expgamma5d_4,[ 760. 1144. 1767. 1548. 1096.  819.  582.  403.  282.],-0.7234168648719788,0
128,expgamma5d_4,[ 154.  269.  400.  648. 1136. 1416.  970.  949.  479.  416.],-0.7206218242645264,0
129,expgamma5d_4,[1108. 1372. 1452. 1073.  538.],-0.724665641784668,0
130,expgamma5d_4,[268. 210. 206.],-0.7274559140205383,0
131,expgamma5d_4,[664. 636. 469.],-0.7267799377441406,0
132,expgamma5d_4,[ 82. 114.  77.],-0.7267068028450012,0
133,expgamma5d_4,[ 87. 159. 195. 126.  71.  61.  30.],-0.7258025407791138,0
134,expgamma5d_4,[817. 715.],-0.7254919409751892,0
135,expgamma5d_4,[ 341.  651.  857. 1474.  792.  758.],-0.722511887550354,0
136,expgamma5d_4,[1447. 1246.  656.],-0.727202296257019,0
137,expgamma5d_4,[528. 921. 564. 292. 157. 156. 141.  75.],-0.7245165705680847,0
138,expgamma5d_4,[ 603.  957. 1276.  657.],-0.7266584038734436,0
139,expgamma5d_4,[440. 350. 303. 294. 246. 140. 139. 129.],-0.725705623626709,0
140,expgamma5d_4,[157. 143. 124. 103. 102.  65.  35.  33.  23.],-0.7245612144470215,0
141,expgamma5d_4,[446. 602. 632. 465.],-0.7261117100715637,0
142,expgamma5d_4,[477. 587. 423. 225. 159.  80.  75.  72.  37.],-0.7265511751174927,0
143,expgamma5d_4,[235. 377. 562. 470. 376. 352. 246.],-0.721882700920105,0
144,expgamma5d_4,[1371. 1180.  740.],-0.7269595265388489,0
145,expgamma5d_4,[1541.  844.],-0.725428581237793,0
146,expgamma5d_4,[ 562.  689. 1323. 1171.],-0.7252142429351807,0
147,expgamma5d_4,[1306.  926.  905.],-0.7271757125854492,0
148,expgamma5d_4,[1230.  794.],-0.7254395484924316,0
149,expgamma5d_4,[386. 565. 575. 722. 533. 316. 284. 259. 193.],-0.7241665124893188,0
0,expgamma5d_5,[746. 484. 270.],-0.8691938519477844,0
1,expgamma5d_5,[391. 503. 401. 231.],-0.8693821430206299,0
2,expgamma5d_5,[1242.  648.  580.  300.],-0.8684234023094177,0
3,expgamma5d_5,[573. 743. 641. 440. 316. 244. 223.],-0.8654063940048218,0
4,expgamma5d_5,[428. 368. 314. 191. 190. 126.],-0.866385281085968,0
5,expgamma5d_5,[1173. 1202.],-0.8680232167243958,0
6,expgamma5d_5,[1479. 1597. 1681.  972.  817.  500.],-0.8649680018424988,0
7,expgamma5d_5,[1395. 1751.],-0.8692783713340759,0
8,expgamma5d_5,[220. 150. 107.  53.  31.  19.  15.  13.],-0.8686326146125793,0
9,expgamma5d_5,[833. 420. 271. 179. 121. 102.],-0.8687164783477783,0
10,expgamma5d_5,[243. 398. 507. 732. 462. 344.],-0.8667066693305969,0
11,expgamma5d_5,[ 825.  872. 1648. 1059.  705.  654.  562.  434.  242.  133.],-0.8611315488815308,0
12,expgamma5d_5,[1527.],-0.8684245347976685,0
13,expgamma5d_5,[ 866. 1266.  829.  691.],-0.8646363019943237,0
14,expgamma5d_5,[575. 614. 930. 731. 406. 378. 352. 202.],-0.8674152493476868,0
15,expgamma5d_5,[ 358.  547. 1044.  929.  567.  355.  283.  206.],-0.8639255166053772,0
16,expgamma5d_5,[ 915. 1612.  948.  796.  541.  315.  282.  278.  258.  134.],-0.8618046641349792,0
17,expgamma5d_5,[333. 646. 850. 824. 638. 584.],-0.866972029209137,0
18,expgamma5d_5,[528. 492. 464. 266. 164.],-0.8681305646896362,0
19,expgamma5d_5,[216. 281. 524. 953. 726. 474. 427. 256.],-0.8639904856681824,0
20,expgamma5d_5,[1483. 1601. 1359.  733.],-0.8678982853889465,0
21,expgamma5d_5,[1088.  720.  579.],-0.8679159879684448,0
22,expgamma5d_5,[356. 684. 351. 290. 279.],-0.8673705458641052,0
23,expgamma5d_5,[ 906. 1429.  859.  798.  643.  328.  263.  208.],-0.8642735481262207,0
24,expgamma5d_5,[ 515.  732. 1249. 1695. 1111.  788.  535.],-0.861833930015564,0
25,expgamma5d_5,[ 953. 1470. 1480.  765.  762.  476.  307.  264.  249.],-0.8627756834030151,0
26,expgamma5d_5,[57. 37.],-0.8626646995544434,0
27,expgamma5d_5,[111. 119. 212. 344. 216. 182. 137.  82.  80.  51.],-0.8673102259635925,0
28,expgamma5d_5,[900.],-0.8670817017555237,0
29,expgamma5d_5,[210. 347. 444. 392. 279. 249. 210. 111.],-0.865367591381073,0
30,expgamma5d_5,[671. 350. 252. 228.],-0.8692816495895386,0
31,expgamma5d_5,[180. 301. 432. 651. 632. 427. 369.],-0.86553555727005,0
32,expgamma5d_5,[653. 779. 645. 498. 251. 204. 172.],-0.8658827543258667,0
33,expgamma5d_5,[898. 604. 362. 300. 296. 171. 142. 134.  77.  59.],-0.8672297596931458,0
34,expgamma5d_5,[1800. 1487. 1112.  836.],-0.8698997497558594,1
35,expgamma5d_5,[1509.],-0.8679728507995605,0
36,expgamma5d_5,[1195. 1222. 1020.],-0.8684011101722717,0
37,expgamma5d_5,[1567.  886.  531.  405.  254.],-0.8666244745254517,0
38,expgamma5d_5,[109. 111. 222. 161.],-0.8690919280052185,0
39,expgamma5d_5,[321. 476. 516. 567. 900. 602. 484. 423.],-0.8566303253173828,0
40,expgamma5d_5,[814. 834. 692. 624. 502. 455. 314. 198.],-0.8641377687454224,0
41,expgamma5d_5,[483. 894. 660.],-0.8677239418029785,0
42,expgamma5d_5,[420. 656. 592. 552. 330. 222.],-0.8684319257736206,0
43,expgamma5d_5,[606. 666. 720. 589. 409.],-0.8682752251625061,0
44,expgamma5d_5,[28. 50. 31. 19.  9.  4.  3.  2.],-0.08345405012369156,0
45,expgamma5d_5,[644. 836. 825. 750.],-0.8687855005264282,0
46,expgamma5d_5,[943. 793. 554. 359. 232. 156. 152. 121.  82.],-0.8637999296188354,0
47,expgamma5d_5,[192. 285. 221. 133. 123. 106.  75.  67.  64.  58.],-0.8685626983642578,0
48,expgamma5d_5,[527. 630. 587. 338. 201. 159. 116.  98.],-0.8662624955177307,0
49,expgamma5d_5,[ 266.  353.  469.  930. 1750. 1151.  639.  535.],-0.8603038191795349,0
50,expgamma5d_5,[295. 291. 255. 245.],-0.8693058490753174,0
51,expgamma5d_5,[446. 544. 602. 521.],-0.8672885298728943,0
52,expgamma5d_5,[ 461.  616. 1078. 1033.  670.],-0.8653295636177063,0
53,expgamma5d_5,[551. 679. 682. 900. 941. 622. 605. 436.],-0.8596861362457275,0
54,expgamma5d_5,[183. 202. 213. 224. 214. 182. 171. 163.],-0.8677368760108948,0
55,expgamma5d_5,[489. 643. 538.],-0.8695410490036011,0
56,expgamma5d_5,[338. 350. 576. 525. 286. 207. 183.],-0.8657009601593018,0
57,expgamma5d_5,[1437.],-0.8683308959007263,0
58,expgamma5d_5,[500. 607. 657. 633. 349. 323. 305. 250. 159.  96.],-0.8669981360435486,0
59,expgamma5d_5,[1311. 1179. 1064.],-0.8686620593070984,0
60,expgamma5d_5,[ 764. 1082.  604.  417.],-0.8682762980461121,0
61,expgamma5d_5,[1471.],-0.8675681352615356,0
62,expgamma5d_5,[1207.],-0.8677783608436584,0
63,expgamma5d_5,[198. 267. 373. 314. 237. 215. 120. 117.],-0.867163360118866,0
64,expgamma5d_5,[292. 298. 383. 667. 737. 638. 388. 369. 353. 197.],-0.8619062304496765,0
65,expgamma5d_5,[245. 323. 620. 991. 981. 593. 303. 254. 140. 133.],-0.8607681393623352,0
66,expgamma5d_5,[1667. 1639. 1569.  834.  650.],-0.8673715591430664,0
67,expgamma5d_5,[1287.],-0.8684141635894775,0
68,expgamma5d_5,[351. 401. 582. 676. 722. 823. 625. 320. 302. 301.],-0.8618343472480774,0
69,expgamma5d_5,[ 690.  963. 1048. 1315. 1268. 1153.  766.  534.  437.],-0.8599860072135925,0
70,expgamma5d_5,[872. 894. 768. 722. 585. 413. 290. 188.],-0.8639569878578186,0
71,expgamma5d_5,[1665. 1112. 1084.  618.  559.  449.  343.  260.],-0.8625609874725342,0
72,expgamma5d_5,[377.],-0.8644267320632935,0
73,expgamma5d_5,[851. 824. 633. 480. 479. 449. 377. 304.],-0.8668394684791565,0
74,expgamma5d_5,[1397. 1446.  888.  585.  577.  494.  309.  275.  248.],-0.8632968664169312,0
75,expgamma5d_5,[ 278.  456.  786. 1473. 1481. 1492.  812.  523.  272.  238.],-0.8663963079452515,0
76,expgamma5d_5,[1331. 1747. 1770. 1283. 1229.  804.  716.],-0.8626373410224915,0
77,expgamma5d_5,[180. 173. 151.  94.],-0.8680097460746765,0
78,expgamma5d_5,[239. 293. 372. 373. 357. 223. 174. 139. 120.  90.],-0.8657860159873962,0
79,expgamma5d_5,[1028. 1781. 1211.  948.],-0.8657525777816772,0
80,expgamma5d_5,[32. 49. 50. 61. 96. 68. 34. 25. 13.],-0.8639527559280396,0
81,expgamma5d_5,[1011. 1031.  723.  603.  578.  310.  184.],-0.8670467138290405,0
82,expgamma5d_5,[ 72.  78. 156. 158. 130.  84.  65.  43.  31.],-0.8649899959564209,0
83,expgamma5d_5,[ 869. 1173. 1119. 1091.  896.  840.],-0.8677052855491638,0
84,expgamma5d_5,[478. 867.],-0.8676639199256897,0
85,expgamma5d_5,[1508. 1082.  751.],-0.8682557344436646,0
86,expgamma5d_5,[51. 38.],-0.867851972579956,0
87,expgamma5d_5,[ 691.  709. 1109. 1119.  780.  567.  522.],-0.8659641742706299,0
88,expgamma5d_5,[1211. 1659.],-0.8684096932411194,0
89,expgamma5d_5,[1062. 1084.  570.],-0.8685356974601746,0
90,expgamma5d_5,[271. 407. 705. 901. 798. 657.],-0.8662020564079285,0
91,expgamma5d_5,[ 794. 1515. 1792. 1278.  849.  603.],-0.866689145565033,0
92,expgamma5d_5,[941. 880. 615. 425. 266. 171.  88.  74.  64.],-0.8690881133079529,0
93,expgamma5d_5,[1462. 1425.  769.  581.  399.  264.  212.  196.  136.],-0.864827573299408,0
94,expgamma5d_5,[1060. 1590.],-0.867310106754303,0
95,expgamma5d_5,[ 630. 1224. 1220.  763.  751.  588.  315.],-0.8625718355178833,0
96,expgamma5d_5,[1092. 1261.  962.  590.  497.  270.  202.],-0.8653795123100281,0
97,expgamma5d_5,[1008. 1698. 1407.  919.  547.  377.  369.],-0.8673587441444397,0
98,expgamma5d_5,[1068. 1611. 1103.],-0.8668210506439209,0
99,expgamma5d_5,[229. 389. 438. 443. 256. 140. 117.  92.],-0.8667613863945007,0
100,expgamma5d_5,[1333. 1558. 1648. 1558. 1442. 1304.  819.  558.  340.  177.],-0.8573037385940552,0
101,expgamma5d_5,[ 966. 1138.  877.  503.],-0.8683254718780518,0
102,expgamma5d_5,[228. 244. 127.  99.  82.],-0.8689514398574829,0
103,expgamma5d_5,[357. 469. 861. 588. 300. 264. 157. 115.  85.],-0.864192545413971,0
104,expgamma5d_5,[686. 739. 915. 543. 338.],-0.8636711239814758,0
105,expgamma5d_5,[1791.],-0.8680388331413269,0
106,expgamma5d_5,[560. 543. 385. 202. 106. 105.],-0.8678839206695557,0
107,expgamma5d_5,[106.],-0.8560278415679932,0
108,expgamma5d_5,[ 158.  309.  611.  810. 1292.  972.  698.  504.  274.  163.],-0.86104416847229,0
109,expgamma5d_5,[ 981. 1235. 1701. 1689. 1230.],-0.8616135120391846,0
110,expgamma5d_5,[830. 766. 465. 397.],-0.86786949634552,0
111,expgamma5d_5,[655. 368. 317. 282. 172. 161. 106.  93.  59.],-0.8633013963699341,0
112,expgamma5d_5,[172. 233. 281. 353. 314. 186. 163. 138.],-0.8658334612846375,0
113,expgamma5d_5,[ 704. 1174. 1081.],-0.8677547574043274,0
114,expgamma5d_5,[474. 640. 470. 350.],-0.8681145906448364,0
115,expgamma5d_5,[628. 783. 464. 234. 127. 105.  74.  65.],-0.867731511592865,0
116,expgamma5d_5,[415. 425. 769. 718. 479. 250. 244. 204. 114.],-0.8656459450721741,0
117,expgamma5d_5,[1287. 1720. 1687. 1676.  995.  902.  796.  536.  327.],-0.8640740513801575,0
118,expgamma5d_5,[44. 83. 53. 46. 42. 25.],-0.8668215274810791,0
119,expgamma5d_5,[ 822. 1427. 1252.  941.],-0.86772620677948,0
120,expgamma5d_5,[442. 378. 306. 215. 163. 129. 117.  80.  40.],-0.8668698668479919,0
121,expgamma5d_5,[ 889. 1156. 1746. 1065.  863.  817.  676.  445.  345.],-0.8608297109603882,0
122,expgamma5d_5,[1442.],-0.8680179119110107,0
123,expgamma5d_5,[ 394.  670. 1145. 1309.  719.  700.  511.  503.  356.],-0.859523594379425,0
124,expgamma5d_5,[ 86. 112. 139. 216. 357. 669. 561. 543. 285. 272.],-0.8623359203338623,0
125,expgamma5d_5,[200. 274. 283. 488. 529. 384. 292. 254.],-0.8652206659317017,0
126,expgamma5d_5,[261. 384. 233. 186. 176. 138.],-0.8681973814964294,0
127,expgamma5d_5,[ 760. 1144. 1767. 1548. 1096.  819.  582.  403.  282.],-0.8594162464141846,0
128,expgamma5d_5,[ 154.  269.  400.  648. 1136. 1416.  970.  949.  479.  416.],-0.8629474639892578,0
129,expgamma5d_5,[1108. 1372. 1452. 1073.  538.],-0.8628742098808289,0
130,expgamma5d_5,[268. 210. 206.],-0.8665211200714111,0
131,expgamma5d_5,[664. 636. 469.],-0.8690434098243713,0
132,expgamma5d_5,[ 82. 114.  77.],-0.8682005405426025,0
133,expgamma5d_5,[ 87. 159. 195. 126.  71.  61.  30.],-0.8691708445549011,0
134,expgamma5d_5,[817. 715.],-0.8656260371208191,0
135,expgamma5d_5,[ 341.  651.  857. 1474.  792.  758.],-0.8640012741088867,0
136,expgamma5d_5,[1447. 1246.  656.],-0.8689590692520142,0
137,expgamma5d_5,[528. 921. 564. 292. 157. 156. 141.  75.],-0.8654212355613708,0
138,expgamma5d_5,[ 603.  957. 1276.  657.],-0.8687683939933777,0
139,expgamma5d_5,[440. 350. 303. 294. 246. 140. 139. 129.],-0.8677263855934143,0
140,expgamma5d_5,[157. 143. 124. 103. 102.  65.  35.  33.  23.],-0.8632694482803345,0
141,expgamma5d_5,[446. 602. 632. 465.],-0.8678848743438721,0
142,expgamma5d_5,[477. 587. 423. 225. 159.  80.  75.  72.  37.],-0.865966260433197,0
143,expgamma5d_5,[235. 377. 562. 470. 376. 352. 246.],-0.8656994700431824,0
144,expgamma5d_5,[1371. 1180.  740.],-0.86900395154953,0
145,expgamma5d_5,[1541.  844.],-0.8688059449195862,0
146,expgamma5d_5,[ 562.  689. 1323. 1171.],-0.8672120571136475,0
147,expgamma5d_5,[1306.  926.  905.],-0.8665750026702881,0
148,expgamma5d_5,[1230.  794.],-0.8656514286994934,0
149,expgamma5d_5,[386. 565. 575. 722. 533. 316. 284. 259. 193.],-0.8636913299560547,0
